lexeme_id	Lexical entry	Orthography	Glossing label	Gender	Attributive
n1	ábɨr	абыр	behavior	3	abɨrdid
n2	awán	аван	rope	4	awnád
n3	awár	авар	avar	1	awárad
n4	aʁsaqál	агъсахъал	aksakal	1	aʁsaqálad
n5	aʁɨ́l	агъыл	corral	4	aʁɨ́lad
n6	adát	адат	custom	4	adatad
n7	azúkʼʷaj	азукIвай	curdled_milk	3/4	azúkʼʷajed
n8	ajʁɨ́r	айгъыр	stallion	3	ajʁɨ́rad
n9	alwér	алвер	trade	4	alwerad
n10	alláh	аллагь	Allah	NO DATA	alláhad
n11	aχbazán	ахбазан	apricot	3	aχbazánad
n12	áˁräbi	аьраьби	carriage	4	aˁräbijed
n13	aˁjná	аIйна	glass	3	aˁjníjed
n14	aˁrá	аIра	distance	4	aˁrijid
n15	áˁrab	аIраб	sickle	3	áˁrabad
n16	aˁq	аIхъ	shadow	3	aˁqáˁd
n17	babá	баба	elder_relative	1	babád
n18	bábaj	бабай	grandmother	2	bábajdɨ
n19	baʁ	багъ	garden	4	baʁdid
n20	bahna	багьна	reason	NO DATA	baχnijid
n21	badú	баду	trousers	3	badújed
n22	baqʼáqʼaj	бакьакьай	tick	3	baqʼáqʼajed
n23	baltá	балта	axe	4	baltɐ́jid
n24	balúʁ	балугъ	fish	3	balʁúd
n25	ban	бан	pasture	3	banád
n26	bar	бар	burden2	3	bardid
n27	barmák	бармак	headdress	3	barmakad
n28	begʲ	бегʼ	side1	3	begíd
n29	bejní	бейни	brain	4	bejníjed
n30	bek’ʲ	бекIʼ	tar	4	bek’éldɨ
n31	bel	бел	forehead	4	beldɨ
n32	ber	бер	spade	4	berád
n33	bibíčil	бибичил	swallow	3	bibíčiled
n34	bic’érxen	бицIерхьен	spleen	3	bicʼerxenad
n35	buʁáz	бугъаз	throat	3	buʁázad
n36	bukʼʷ	букIв	animal_lip	3	bukʼójid
n37	buχɐ́jri	бухАйри	fireplace	3	buχɐ́jrijed
n38	bɐbɐdíd	быбыдид	grandfather	1	bɐbɐdíddɨ
n39	bɨz	быз	bumblebee	4	bɨzɨ́rdɨ
n40	bɨláχ	былах	wellspring	3	bɨláχad
n41	bɨlɨtʼ	былытI	penis	NO DATA	NO DATA
n42	bɨrǯ	бырдж	financial_debt	4	NO DATA
n43	bɨč’	бычI	flower	4	bɨčʼíd
n44	waz	ваз	moon	3	wazɨ́rdɨ ~ wazɨldɨ
n45	wakír ~ wakíl	вакир ~ вакил	wedding_witness	NO DATA	wakiled
n46	walɨ́g	валыг	clothes	4	walgɨ́d
n47	warlɨ	варлы	rich_man	NO DATA	warlɨjed
n48	waχt	вахт	time1	3	waχtindid ~ waχtid
n49	waˁʔší	ваIъши	wild_animal	3	waˁʔšíjid
n50	wirɨ́ʁ	вирыгъ	sun	3	wirʁɨ́d
n51	wixʲ	вихьʼ	cattle_shed	4	wixíd
n52	wɨgɨ́n	выгын	dog_fang	3	wɨgnád
n53	wɨɣɨ́l	выгIыл	husband	1	wɨɣlíd
n54	wɨɣɨ́ldɨ	выгIылды	man	NO DATA	wɨǧɨ́lnɨwdɨ
n55	wɨ́zɨr	вызыр	sheep_shed	4	wɨ́zɨrad
n56	wɨs	выс	sunny_slope	3	wɨ́sad
n57	gag	гаг	father_in_law	1	gágdɨ
n58	gágaj	гагай	uncle	1	gagajdɨ
n59	gadá	гада	youngster	1	gɨdíjed
n60	gaj	гай	aunt	2	gajdɨ
n61	gardán	гардан	neck	3	gardánad ~ gardándɨ
n62	gaˤš	гаIш	starvation	3	gáˁšdɨ
n63	gʷaláχ	гвалах	work.n	3	gʷaláχad
n64	gʷarg	гварг	spine	3	gʷárgɨd
n65	géǯej	геджей	beehive	3	géǯejed
n66	gel	гел	lamb	3	gíldɨ
n67	get	гет	cat	3	gitɨ́rdɨ
n68	gígu	гигу	cuckoo	3	gígujed
n69	gim	гим	meeting_area	3	gimɨ́d
n70	girdáb	гирдаб	saw.n	3	girdábad
n71	gič’	гичI	fear	3	gíč’ed
n72	gurǯí	гурджи	georgian	1	gurǯíjed
n73	güzgé	гуьзге	mirror	4	güzgíjid
n74	gülégʲ	гуьлегʼ	lock.n	4	gülgǘd
n75	ʁʷab	гъваб	root	3	ʁʷabád ~ ʁʷabɨ́ldɨ
n76	ʁil	гъил	leg	4	ʁíldɨ ~ ʁílid
n77	ʁílijdɨ	гъилийды	shoe	4	ʁílijdid
n78	ʁubáʁ	гъубагъ	bee	3	ʁubʁúd
n79	ʁul	гъул	window	3	ʁulíd
n80	ʁuˁd	гъуIд	partridge	3	ʁúˁdirdɨ
n81	ʁuˁn	гъуIн	shoulder	4	ʁuˁnád
n82	ʁuˁrdígen	гъуIрдиген	pillow	3	ʁuˁrdígenad
n83	ʁɨlɨ́ʁ	гъылыгъ	egg	3	ʁɨlʁɨ́d
n84	ʁɨˁ	гъыI	bridge	3	ʁɨˁd
n85	ʁɨˁb	гъыIб	frog	3	ʁɨˁbɨ́rdɨ
n86	ʁɨˁbrí	гъыIбри	eyelash	4	ʁɨˁbríjed
n87	ʁɨˁld	гъыIлд	summer	4	ʁɨ́ˁldid
n88	ʁɨˁr	гъыIр	hare	3	ʁɨˁrád
n89	ʁɨˁrč	гъыIрч	wildfowl	3	ʁɨˁrčéd
n90	ʁɨˤrčéqan	гъыIрчехъан	hunter	1	ʁɨˤrčéqandɨ ~ ʁɨˤrčéqanid
n91	gɨbɨ́l	гыбыл	cloud	3	gɨblíd
n92	gɨwáʔan	гыва́ъан	sock	4	gɨwấʔânid
n93	gɨwɐ́li	гывыли	plum	3	gɨwɐ́lijed
n94	gɨlɨ́mat	гылымат	fur_coat	4	gɨlɨ́matdid
n95	gɨmɨ́š	гымыш	silver	4	gɨmɨ́šed
n96	gɐnín	гынин	mother_in_law	2	gɐníndɨ
n97	gɨrc’	гырцI	chudu	4	gɨ́rč’ɨd
n98	gɨt’	гытI	corn_ear	4	gɨt’ɐ́jid
n99	gɨt’í	гытIи	stack	3	gɨt’íjed
n100	gɨˁχ	гыIх	hook	4	gɨˁχájid
n101	hawá	гьава	air	3	hawɨ́jid
n102	hajwán	гьайван	animal	3/4	hajwánad
n103	haqʼ	гьакь	hollow	4	háqʼad
n104	háqʼal	гьакьал	mind	3	háqʼaled ~ háq’aldɨ
n105	hamq’údɨ	гьамкьуды	noon	4	hamq’údɨd
n106	háraj	гьарай	scream.n	3	hárajed
n107	haramzada	гьарамзада	fraudster	1	haramzadɐjed
n108	haˁjáː	гьаIйаа	conscience	3	NO DATA
n109	haˤqʼ	гьаIкь	law	4	haˁq’dɨ
n110	haˁráq’i	гьаIракьи	vodka	4	haˁráq’ijed
n111	haˁfdá	гьаIфда	week	4	haˁfdɨ́
n112	hejwán	гьейван	horse	3	hejwánad
n113	héjeg	гьейег	metal_cauldron	3	héjegad
n114	heš	гьеш	caraway	3	héšid
n115	huʁál	гьугъал	rain	4	huʁlád
n116	huq’úl	гьукьул	head	3	huq’líd
n117	huˤrmet ~ huˁrmat 	гьуIрмет ~ гьуIрмат	respect	3	huˤrmetdid ~ huˤrmɐtdid
n118	hɨkɨ́jid ~ hakɨ́jed	гьыкыйид	fairy_tale	4	hákɨjedad
n119	hɨnɨ́š	гьыныш	God	1	hɨnčíd
n120	ɣal	гIал	mouth	4	ɣɐ́lid ~ ɣaldɨ
n121	ɣam	гIам	awn	3	ɣamɨ́ldɨ
n122	ɣar	гIар	snake	3	ɣárad
n123	ɣárɣal	гIаргIал	oat	3	ɣárɣaled
n124	ɣɨrɨ́ɣ	гIырыгI	stomach	3	ɣɨrɣɨ́d
n125	dawár	давар	cattle	NPL	dawárad
n126	dawát	дават	wedding	3	dawátad
n127	daʁmá ~ damʁá	дагъма ~ дамгъа	scar1	4	damʁɨjid
n128	daʁɨstan	дагъыстан	Daghestan	3	daʁɨstandid ~ daʁɨstanad
n129	dahár	дагьар	stone	3	dahrád
n130	dádal	дадал	rooster	3	dádaled
n131	daj	дай	foal	3	dajéd
n132	dal	дал	branch	3	dálɨrdɨ
n133	dam	дам	forest	4	dámɨd
n134	damár	дамар	vein	3	damrad
n135	dan	дан	cheek	3	danɨd
n136	daná	дана	bull	3	danɨ́jid
n137	dáraku	дараку	roof_roller	4	dárakujed
n138	daráqʼdɨ	даракьды	egg_yolk	4	NO DATA
n139	darwáza	дарваза	gate	4	darwázajed
n140	darc	дарц	lesson	4	darcád
n141	daʔ	даъ	foremilk	3	dáʔad
n142	daˁq	даIхъ	back_of_head	4	daˁqáldɨ
n143	daˁʔwí	даIъви	war	3	daˤʔwíjed
n144	dewé	деве	camel	3	dewéjed
n145	degá	дега	wickiup	4	degɨ́jɨd
n146	derjáh	дерйагь	sea	3	derjáhad
n147	ӡ̌ad	джад	forge	4	ӡ̌ádad
n148	ǯaláχ	джалах	joint	4	ǯalaχad
n149	ǯam	джам	bowl	3	ǯamad
n150	ǯamaːt ~ ǯamaˤʔt	джамаат ~ джамаIъат	folk	3	ǯamaˤʔtɨd
n151	ǯan	джан	body	4	ǯendíd
n152	ǯandák	джандак	animal_carcass	4	ǯandakad
n153	ǯar	джар	sour_cream	3	ǯarád
n154	ӡ̌ʷel	джвел	sheaf	3	ӡ̌ʷeled
n155	ǯehʲrá	джегьра	spindle	3	ǯehʲrijid
n156	ǯib	джиб	pocket	3	ǯíbad
n157	ǯíwɨr	дживыр	roe	3	ǯíwɨrad
n158	ǯigá	джига	place2	3	ǯigɨ́jid
n159	ǯihíl	джигьил	young	1	ǯihíled
n160	ӡ̌il	джил	floor	3	ӡ̌ilíd
n161	ǯins	джинс	jeans	NO DATA	ǯinsɨd
n162	ǯunúkʼ	джунукI	hawk	3	ǯunkʼud ~ ǯunukʼad
n163	ǯɨbɨ́r	джыбыр	tail	3	ǯibrɨ́d
n164	ʒɨ́ʒɨχ	дзыдзых	ant	3	ʒɨ́ʒɨχad
n165	ӡɨr	дзыр	copper	4	ӡɨrad
n166	dibír	дибир	mullah	1	dibírad
n167	did	дид	father	1	díddɨ
n168	dikʼáj	дикIай	clay_pot	4	dikʼajed
n169	dunʁúz	дунгъуз	pig	3	dunʁuzad
n170	dunk	дунк	tree_stump	4	dúnkad
n171	dur	дур	spoon	4	durúd
n172	dur	дур	name	3	durúd
n173	dustáʁ	дусдагъ	prison	3	dustaʁdid
n174	dust	дуст	friend1	1	dustad
n175	duχ	дух	son	1	duχardɨ
n176	dušmán	душман	enemy	1	dušmanad
n177	düzém	дуьзем	valley	4	düzemad
n178	dükár	дуькар	infant	4	dükrád
n179	dükʼʲ	дуьк̌I	millet	3	dükʼǘd
n180	dültí	дуьлти	lake	3	dültijed
n181	dünja	дуьнья	world	3	dünjadɨ
n182	duʔáˁ	дуIъаI	prayer	4	duʔuˁjid
n183	dɨd	дыд	fly	3	dɨdɨ́rdɨ ~ dɨdad
n184	dɨlán	дылан	plough	4	dɨlɨ́ndid
n185	dɨn	дын	sheep_wool	4	dɨnid
n186	dɨrmɨχ	дырмых	rake	NO DATA	čʼɨχáˁrad
n187	ébɨr	ебыр	blood	3	ébɨrdid
n188	egˠ	ег	horseshoe	3	egáldɨ
n189	edémi	едеми	person1	1	edémijed
n190	ékul	екул	nest	4	ékuled
n191	ermeni ~ armʲan	ермени ~ армян	armenian	1	ermenijid ~ armenindɨ
n192	eχɨ́:r	ехыыр	end	NO DATA	NO DATA
n193	eč	еч	apple	3	íčirdɨ
n194	zaz	заз	thorn	3	zazɨldɨ
n195	zamána	замана	time2	3	zamanajid
n196	zaráfat	зарафат	joke	3	zarafatdid
n197	zelé	зеле	leech	3	zeléjed
n198	zer	зер	cow	3	zírdɨ
n199	zímag	зимаг	bracelet	3	zímagad
n200	zindán	зиндан	anvil	3	zindanad
n201	zinǯír	зинджир	chain	3	zinǯirad
n202	zúba	зуба	thigh	3	zúbojed
n203	zuqʼʷáˁl	зукьваIл	dogwood	4	zuqʼʷáˁled
n204	zur	зур	urine	4	zurud
n205	züzéngʲ ~ jüzéngʲ	зуьзенгʼ ~ йуьзенгʼ	stirrup	4	jüzenged
n206	iǯ	идж	earmark	4	iǯejid
n207	iǯilás	иджилас	gathering	3	iǯilásad
n208	ijési	ийеси	master	1	ijésijed
n209	ijsán ~ insán	ийсан ~ инсан	person	4	insánad
n210	iq’	икь	urbech	3	íqʼad
n211	il	ил	smell	4	ildíd
n212	ílesdɨ	илесды	food	4	ílesdid
n213	ilčí	илчи	swat	1	ilčíjed
n214	irejχáˁn	ирейхаIн	basil	4	irejχáˁnad
n215	irín	ирин	pus	4	irínad
n216	isítma	иситма	fever	3	NO DATA
n217	isk’ám	искIам	table	3	iskʼámad
n218	it	ит	honey	4	ítɨd
n219	iχtílet	ихтилет	storytale	4	eχdiletad
n220	ičí	ичи	abdomen	4	ičíjed
n221	išɨ́ʁ	ишигъ	light	4	išʁɨ́d
n222	jazná	йазна	son_in_law	1	jaznájed
n223	jak	йак	meat	4	jígɨd
n224	jakʷ	йакв	morning	4	jakʷád
n225	jalɨ́ʁ	йалыгъ	headscarf	3	jalɨ́ʁad
n226	jamág	йамаг	meal	4	jamágad
n227	jardúst	йардуст	friend2	1	jardustad
n228	jaχʷ	йахв	loom	4	NO DATA
n229	jac	йац	ox	3	jacad
n230	jac	йац	capra_caucasica	3	jacad
n231	jezúb	йезуб	grain1	3	jezúbad
n232	jer	йер	place	3	jerad
n233	jerí	йери	half	4	jerijid
n234	jetím	йетим	orphan	1	jetímad
n235	jiz	йиз	snow	4	jizɨ́rdɨ ~ jizɨ́ldɨ
n236	jiq’	йикь	middle	4	jiq’ad
n237	jik’ʲ	йикIʼ	heart	4	jikʼíd
n238	jíleg	йилег	iron	4	jílegad
n239	jímel	йимел	donkey	3	jímeled
n240	jis	йис	moth	3	jisɨ́rdɨ
n241	jíxaˤlʲ	йихьаIлʼ	mole	NO DATA	NO DATA
n242	juldáš	йулдаш	friend3	1	juldašed
n243	jurʁán	йургъан	blanket	3	jurʁánad
n244	juš	йуш	night	4	jušéd
n245	jǘt’el	йуьтIел	knot.n	4	jǘtʼeled
n246	juˁχ	йуIх	birch	3	júˁχud
n247	jɨʁ	йыгъ	daytime	4	jɨʁád
n248	jɨˁχ	йыIх	marrow	4	jɨˁχɨˁd
n249	jɨ́ˁχɨn	йыIхын	wound	4	jɨˁχɨˁned rang
n250	kant’	кантI	knife	4	kántʼid
n251	kapɨ́r	капыр	dagger	4	kapɨrad
n252	kar	кар	thing	4	kardid
n253	kafán	кафан	shroud	3	NO DATA
n254	kač	кач	horn	4	qʼačʼáldɨ
n255	kʷam	квам	hole	3	kʷámɨrdɨ
n256	kellé	келле	skull	3	kellíjid
n257	kerkí	керки	hoe	4	kerkíjed
n258	kef	кеф	pleasure	NO DATA	kefdɨ
n259	kilít	килит	door_bolt	3	NO DATA
n260	kitáb	китаб	book	4	kitábad
n261	klass	класс	class	NO DATA	klassad
n262	kow	ков	heel	3	kowɨ́d
n263	kowχá	ковха	foreman	1	kowχɨ́jed
n264	kub	куб	namaz	3	kúbad
n265	kubúk	кубук	foam	4	kubkúd
n266	kul	кул	bush	3	kúlɨrdɨ ~ kúlurdɨ
n267	kulák	кулак	wind	3	kulkúd
n268	kumag	кумаг	help.n	NO DATA	kumɐ́gdid
n269	kundé	кунде	small_dough_circle	3	kundíjid
n270	kura	кура	bread_oven	3	kurɐ́jid
n271	kursí	курси	stool	3	kursíjid
n272	kurúg	куруг	bellows	3	kurugad
n273	kurús	курус	appearance	3	kursúd
n274	kuč	куч	she_dog	3	kučíd
n275	kuš	куш	corner	3	kušíd
n276	külégʲ	куьлегʼ	elbow	4	külgǘd
n277	kümʁár	куьмгъар	chimney	3	kümʁárad
n278	ɢab	къабыр	dishes	4	ɢabad
n279	ɢaʁ	къагъ	scabbard	4	ɢaʁɨldɨ
n280	ɢaz	къаз	goose	3	ɢázɨrdɨ
n281	ɢalá	къала	tower	4	ɢalɨjid
n282	ɢaláj	къалай	tin	4	ɢalɐjid
n283	ɢamčí	къамчи	whip	3	ɢamčíjed
n284	ɢarg	къарг	ram	3	ɢárgɨd
n285	ɢarí	къари	wife	2	ɢaríjed
n286	ɢatír	къатир	mule	3	ɢatírad
n287	ɢač	къач	eyebrow	3	ɢačilɨd ~ ɢačildɨ
n288	ɢačáχ	къачах	outlaw	1	ɢačáχad
n289	ɢaˁbáj	къаIбай	chaff	4	ɢaˁbɐ́jed
n290	ɢaˁcʼ	къаIцI	tongs	3	ɢaˁcʼaldɨ
n291	ɢer	къер	dandruff	4	ɢerád
n292	ɢizíl	къизил	gold	4	ɢizíled
n293	ɢiráʁ	къирагъ	edge	4	ɢirʁɨ́d
n294	ɢow	къов	ceiling	4	ɢowɨ́d
n295	ɢuj	къуй	pit	3	ɢujéd
n296	ɢum	къум	sand	4	ɢumɨ́jid
n297	ɢunší	къунши	neighbor	1	ɢunšíjed
n298	ɢurʁúšin	къургъушин	lead	4	ɢurʁúšined
n299	ɢuc’	къуцI	wood_chip	4	ɢuc’úd
n300	kɨb	кыб	dung_fuel	3	kɨbɨ́rdɨ
n301	kɨlí	кыли	toe	3	kɨlíjed
n302	kɨlɨ́ng	кылынг	pick_axe	3	kɨlɨ́ngad
n303	kɐšír	кышир	porrigde	3	kašírad
n304	qʼabɨχ	кьабых	shell	4	qʼabχɨ́d
n305	qʼámčel	кьамчел	braid	3	qʼámčʼeled
n306	qʼan	кьан	bottom	4	qʼanéd
n307	qʼacʼ	кьацI	chin	4	qʼacʼɨ́d
n308	qʼačʼ	кьачI	green_beans	4	qʼačʼáldɨ
n309	qʼaˁb	кьаIб	cradle	3	qʼáˁbad
n310	qʼʷab	кьваб	slab_for_roof	3	qʼʷabɨ́rdɨ
n311	qʼʷaqʼ	кьвакь	knee	3	qʼʷaqʼɨ́d
n312	qʼʷanáqʼ	кьванакь	hand_palm	4	qʼʷanáqʼad
n313	qʼʷarč	кьварч	hoof	3	qʼʷarčéd
n314	qʼʷeʔ	кьвеъ	top.n	NO DATA	NO DATA
n315	qʼe	кье	malt	3	q’ejid
n316	qʼel	кьел	salt	3	qʼíldɨ
n317	qʼilinӡ̌	кьилиндж	saber	4	qʼilínӡ̌ed
n318	qʼimét	кьимет	price	3	NO DATA
n319	qʼin	кьин	oath	4	qʼinad
n320	qʼir	кьир	wheat	3	qʼírad
n321	qʼismát	кьисмат	fortune	4	qʼismɨ́tid
n322	qʼul	кьул	board	4	qʼulád
n323	qʼuˁl	кьуIл	mouse	3	qʼuˁlíd
n324	qʼɨdɨ́qʼ	кьыдыкь	skin	4	qʼɨdqʼɨ́d
n325	qʼɨk	кьык	bird_comb	4	qʼɨ́kad
n326	qʼɨ́ltan	кьылтан	head_temple	4	qʼɨ́ltɐned
n327	qʼɨlɨqʼ	кьылыкь	testicles	NO DATA	NO DATA
n328	qʼɨn	кьын	he_goat	3	qʼɨnád
n329	qʼɨrɨ́b	кьырыб	bone	4	qʼɨrbɨ́d
n330	qʼɨrɨ́qʼ	кьырыкь	avalanche	3	qʼɨrqʼɨ́d
n331	qʼɨq	кьыхъ	calf	3	NO DATA
n332	qʼɨš	кьыш	cooked_grease	3	qʼɨšɨ́d
n333	qʼɨˁd	кьыIд	winter	4	qʼɨ́ˁjid
n334	qʼɨˁrɨ́s	кьыIрыc	pole_for_ceiling	4	qʼɨˁrsɨ́d
n335	qʼɨ́ˁčʼid ~ qʼɨ́ˁdɨ́čʼ	кьыIчид ~ кьыIдыч	scissors	4	qʼɨ́ˁčʼídad ~ q’ɨdɨ́č’ed
n336	kʲapáˁʁ	кяпаIгъ	paw	4	NO DATA
n337	k’az	кIаз	pitcher	3	NO DATA
n338	k’ɐzít	кIазит	paper	4	NO DATA
n339	k’ak’ál	кIакIал	pebble	3	k’ak’lád
n340	k’ar	кIар	spool	4	kʼarád
n341	kʼarɨ́maj	кIарымай	rug	3	NO DATA
n342	k’at’	кIатI	hen	3	kʼɐtʼírdɨ
n343	k’ä́tχajmar	кIаьтхаймар	twins	HPL	NO DATA
n344	k’éddal	кIеддал	clay	3	NO DATA
n345	k’ɨr	кIир	shrimp	4	NO DATA
n346	k’ut’ún	кIутIу́н	kidney	3	kʼutʼnád
n347	k’üxʲ	кIуьхʼ	beak	4	NO DATA
n348	k’ɨč’	кIычI	button	3	kʼɨčʼíd
n349	k’ɐ́šen	кIышен	charcoal	3	kʼɐ́šened
n350	k’ɨšníš	кIышниш	cilantro	3	kʼɨšníšed
n351	laqʼ	лакь	chest_box	3	laqʼɨldɨ
n352	lar	лар	dirt	3	lárdid
n353	leqʼízar	лекьизар	gallbladder	NO DATA	NO DATA
n354	lempé	лемпе	lamp	3	lempíjid
n355	lecʼ	лецI	river	3	lecʼúrdɨ
n356	lirfáj	лирфай	dove	3	lirfájed
n357	lit	лит	shepherd's_coat	4	litɐ́jed
n358	lixʲ	лихьʼ	louse	3	lixírdɨ
n359	liʔ	лиъ	cow_hide	4	liʔéjid
n360	luqʼún	лукьун	knitting_needle	3	luqʼnéd
n361	lɨz	лыз	mortar	4	lɨzɨ́rdɨ
n362	lɨzɨ́d	лызыд	dough	4	lɨzdíd
n363	lɨkʼ	лыкI	slave	1	lɨ́kʼad
n364	lɨs	лыс	sorrel	3	lɨsɨ́rdɨ
n365	lɨčʼ	лычI	heifer	3	lɨčʼéd
n366	lɨšán	лышан	scar2	4	lɨšnád
n367	lɨšánči	лышанчи	bride_groom	NO DATA	lɨšánčijed
n368	lɨˁqʼ	лыIкь	eagle	3	lɨˁqʼɨ́rdɨ
n369	lʲaqʼ	лякь	liver	4	leqʼíd
n370	maʁ	магъ	ploughshare	3	maʁɨ́ldɨ
n371	majé	майе	sperm	NO DATA	NO DATA
n372	mɐjít	майит	human_corpse	4	mɐjítad
n373	makák	макак	thorny_plant	4	makákad
n374	máɢʷal	макъвал	nettle	4	máɢʷaled
n375	maqʼaˤwaqʼ	макьаIвакь	lizard2	4	maqʼaˤwaqʼad
n376	mal	мал	livestock	3	maldid
n377	mamzilʲ	мамзилʼ	time	NO DATA	mamzíled
n378	manút	манут	ruble	3	manutad
n379	manútbɨr	манутбыр	money	NO DATA	NO DATA
n380	mas	мас	wall	4	masáldɨ
n381	maqáˁq	махъаIхъ	feather	4	maqáˁqad
n382	maqɨ́k	махъык	bat	3	maːqɨ́kad
n383	mašín	машин	car	3	mašínad
n384	maʔ	маъ	animal_fat	4	maɁáldɨ
n385	maˁqʼáˁqʼaˁl	маIкьаIкьаIл	mite	3	maˁqʼaˁqʼaˁlid
n386	maˁχʷ	маIхв	oak	3	maˁχʷáldɨ
n387	maˁʔlím	маIълим	teacher	1	maˁʔlimad
n388	maˁʔní	маIъни	song	4	ма1ънийед
n389	megʲbɨr	мегʼбыр	fringe	NPL	NO DATA
n390	mejwá	мейва	fruit	3	mejwɨ́jid
n391	mel	мел	group	3	meléd
n392	menčʼ	менчI	earwax	4	menčʼéd
n393	mes	мес	bedclothes	3	meséd
n394	mexʲ	мехьʼ	handful_two_hands	3	mexʲéd
n395	mešúkʼ	мешукI	sack	3	mešúkʼʷad
n396	mihmán	мигьман	guest	1	mihmanad
n397	miz	миз	tongue	3	mizíd
n398	mixʲ	михьʼ	elk	3	mixírdɨ ~ mixíd
n399	mičék	мичек	mosquito	3	mičéked
n400	mišéwɨr	мишевыр	squirrel	3	mišéwɨrad
n401	mukʼ	мукI	dance.n	3	mukʼad
n402	musúrman	мусурман	muslim	1	musulmanad
n403	mušúχʷar ~ mušúχar	мушухвар ~ мушухар	badger	3	mušúχarad
n404	muˁɢʷ	муIкъв	village	3	múˁɢud
n405	muˁlúˁq	муIлуIхъ	earthworm	3	muˁlqúˁd
n406	mɐʁáˁd	мыгъаIд	stairs	3	mɐʁáˁjid
n407	mɨk	мык	ice	4	mɨkɨ́rdɨ
n408	mɨm ~ mum	мым ~ мум	wax	4	mumɐ́jed
n409	mɨrí	мыри	creek	3	mɨríjed
n410	mɨsleʔaˤt	мыслеъаIт	consent	3	mɨsleʔaˁtdid
n411	mɨsmár	мысмар	nail	4	mɨsmárad
n412	mɨtɨ́l	мытыл	kid	3	mɨtlád
n413	mɨχɨ́r	мыхыр	cliff	3	mɨχrɨ́d
n414	mixdáb	мыхьдаб	school	3	mixdabad
n415	mɨ́čeb	мычеб	deception	4	mɨ́čebad
n416	mɨčʼrí	мычIри	beard	3	mɨčʼríjed
n417	mɨˁχɨ́ˁd	мыIхыIд	hayloft	3	mɨˁχdíd
n418	mɨˁχɨ́ˁl	мыIхыIл	young_she_goat	3	mɨˁχˁlád
n419	naʁʷ	нагъв	tear.n	3	naʁʷújid ~ neʁíd ~ naʁʷɨldɨ /
n420	naɢá	накъа	wild_strawberry	4	naɢɐjid
n421	naqʼ	накь	dream	4	neqʼíd
n422	naqʼʷ	накьв	earth	3	naqʼújid
n423	naqʼrá	накьра	drum	4	naqʼrɨjid
n424	naχʷ	нахв	straw	3	naχújid
n425	nacʼ	нацI	reed	4	nacʼɨ́ldɨ
n426	naˁχ	наIх	evening	4	náˁχad
n427	nek	нек	milk.n	3	nekɨ́jid
n428	nekʲáh ~ neká	некягь ~ нека	marriage	4	nekʲahad
n429	nemc	немц	german	1	nemcad
n430	netʼ	нетI	nit	3	netʼírdɨ
n431	neχírkan	нехиркан	cow_herdsman	1	neχírkaned
n432	nigé	ниге	rosehip	3	nigijid
n433	niɣré	нигIре	threshing_board	4	nihʲrɨ́jid
n434	nin	нин	mother	2	níndɨ
n435	nisé	нисе	cheese	4	nisíjid
n436	nixrébɨr	нихьребыр	bridle	4	nixrijid ~ nixrimɨd
n437	now	нов	gutter	3	nówad
n438	nüšéj	нуьшей	young_sheep	3	nüšéjed
n439	owʁú	овгъу	poison	3	owʁújed
n440	paj	пай	fraction	3	pájed
n441	palankáš ~ palankáč	паланкаш ~ паланкач	strainer	3	palankášed
n442	palčɨ́ˁqʼ	палчыIкь	mud	3	palčɨ́ˁqʼad
n443	papɨ́r	папыр	saddle	3	paprɨ́d
n444	paráˁχul	параIхул	blister	3	paráˁχuled
n445	parčé	парче	fabric	4	parčíjid
n446	paqrá	пахъра	pea	3	paqrɨ́jid
n447	paxʷ	пахьв	mushroom	3	paxʷáldɨ
n448	páˁɢʷal	паIкъвал	burdock	3	páˁɢʷaled
n449	pejʁambar ~ pajʁambar	пейгъамбар ~ пайгъамбар	Prophet	1	pejʁambárad
n450	pɨc	пыц	vagina	NO DATA	NO DATA
n451	pʼɨz	пIыз	lip	4	pʼɨzɨ́d
n452	rabɣántʼej	рабгIантIей	firefly	3	rabɣántʼejed
n453	rak	рак	door	4	rig:íd
n454	rat	рат	threshing_floor	4	ridíd
n455	raˁʁ	раIгъ	comb.n	4	raˁʁɐ́jid
n456	raˁq	раIхъ	road	3	raqɨˁd
n457	rigídad	ригидад	yard	4	rigídadid
n458	rigmízal	ригмизал	doorpost	3	rigmízalad ~ rigmízalid
n459	riší	риши	sister	2	rišíd
n460	rub	руб	awl	3	rubɐjed
n461	rub	руб	needle	3	rubɨ́jed
n462	rud	руд	gut	4	rudójed
n463	ruˁχ	руIх	mill	3	ruˁχˁbúd
n464	ruˁχúˁb	руIхуIб	garlic	3	ruˁχˁbúd
n465	rɨš	рыш	girl	2	rɨšéd
n466	rɨˁqʼ	рыIкь	broth	3	rɨˁqʼɨd
n467	rɨˁq	рыIхъ	ash	3	rɨˁqɨ́d
n468	sabɨ́n	сабын	soap	4	sabníd
n469	sánaˤʔat	санаIъат	workmanship	4	sánaˁʔated
n470	sant	сант	hammer	4	sántid
n471	safrá	сафра	gall	3	leqʼízarad
n472	saʔáˁt	саъаIт	hour	4	saʔáˁtaˁd
n473	särhät	саьргьаьт	boundary	3	särhä́tad
n474	sʷal	свал	snowcock	3	sólirdɨ
n475	sen	сен	year	4	sɨdɨ́d
n476	ses	сес	voice	3	sésad ~ sesɨrdɨ
n477	si	си	bear	3	sírdɨ
n478	sikʼʲ	сикIʼ	fox	3	sikʼíd
n479	sípɨl	сипыл	onion	3	sípɨled
n480	sir	сир	secret	4	sirɨjid
n481	sif	сиф	sieve.n	3	sifɨ́jid
n482	su	су	fried_flour	3	sujíd
n483	suk	сук	grain2	3	sukúd
n484	supelej	супелей	barbel	NO DATA	supelejed
n485	sur	сур	side2	4	surúd
n486	sus	сус	daughter_in_law	2	súsdɨ
n487	sutkʼá	суткIа	day_duration	4	NO DATA
n488	suʔal	суъал	question	4	suʔalad
n489	süpél	суьпел	moustache	3	süplíd
n490	sürkéš	суьркеш	wild_leek	3	sükéšad
n491	sütǘl	суьтуьл	wallpost	3	sütléd
n492	sɨw	сыв	mountain	3	sɨwád
n493	sɨkʼɨ́l	сыкIыл	rye	3	sɨkʼlíd
n494	sɨl	сыл	tombstone	3	sɨrɨ́d
n495	sɨn	сын	barberry	4	sɨníd
n496	sɨr	сыр	grave	4	sɨrɨ́d
n497	sɨrsɨ́r	сырсыр	hoarfrost	3	sɨrsɨ́rad
n498	sɨrɨ́χčej	сырыхчей	thief	1	sɨrɨχčejid
n499	sɨrɨ́cʼal	сырыцIал	marten	3	sɨrɨ́cʼaled
n500	sɨs	сыс	tooth	4	sɨsɨ́d
n501	taj	тай	pair	4	tajéd
n502	tajé	тайе	large_stack	3	tajíjed
n503	taptápaj	таптапай	rat	NO DATA	taptápajed
n504	telebe	телебе	pupil	3	telebejed
n505	tiké	тике	piece	4	tikíjid
n506	tifáng	тифанг	gun	3	tifangad
n507	tu	ту	spit.n	4	tujid
n508	tuz	туз	dust	4	tuzád ~ tuzɨ́jid
n509	tum	тум	seed	3	tumójid
n510	tup	туп	wheel	3	tupójed
n511	tur	тур	net	4	turójed
n512	túχum	тухум	clan	3	tuχúmdid
n513	tuχumbɨr	тухумбыр	seeds	3	NO DATA
n514	tükʲ	туькʼ	weasel	3	tükǘrdɨ
n515	tɨlá	тыла	dog	3	tɨlɨ́jed
n516	tʼak	тIак	basket	3	tʼakárdɨ
n517	tʼankʼ	тIанкI	water_drop	3	tʼánkʼad
n518	tʼarílkʼa	тIарилкIа	plate	4	tʼarilkʼid
n519	tʼátʼal	тIатIал	stick	4	tʼátʼaled
n520	tʼebébel	тIебебел	butterfly	3	tʼebébeled
n521	tʼebúrʁʷan	тIебургъван	spinning_top	3	tʼebúrʁʷaned
n522	tʼexʲ	тIехьʼ	ewe	3	tʼéxid
n523	tʼiwílqʼaj	тIивилкьай	snail	3	t’iwílq’ajed
n524	tʼilí	тIили	finger	3	tʼɨlíjed
n525	tʼíli	тIили	leaf	3	tʼílijed
n526	tʼilíjadɨ	тIилийады	ring	3	tʼilíjaːdid
n527	tʼitʼ	тIитI	breast	3	tʼitʼíd
n528	tʼul	тIул	rod	3	tʼulurdɨ
n529	tʼur	тIур	bud	3	tʼurôjid
n530	tʼɨb	тIыб	owl	3	tʼɨbɨ́rdɨ
n531	tʼɨlɨ́nkʼ	тIылынкI	thimble	3	tʼɨlɨlɨnkʼad
n532	tʼɨmɨ́l	тIымыл	grape	4	tʼɨmlád
n533	tʼɨn	тIын	trough	3	tʼɨnád
n534	ubúl	убул	wolf	3	ublíd
n535	ubɨ́r	убыр	ear	4	ubrɨ́d ~ ubrúd
n536	uqʼ	укьв	grass	4	úqʼud
n537	ul	ул	eye	3	ulíd
n538	úma	ума	buttock	3	umajed
n539	un	ун	sound	4	undíd
n540	urg	ург	young_ram	3	úrgud
n541	urús	урус	russian	1	urúsad
n542	ús	ус	log	4	úsud ~ úsɨd
n543	ustʼúl	устIул	chair	3	ustʼúlad
n544	uχ	ух	axle	4	úχad
n545	uχún	ухун	woman's_dress	3	uχnád
n546	úχur	ухур	thread	4	úχurad
n547	uxún	ухьун	belly	3	uxníd
n548	úˤmur	уIмур	life	3	uˁmurdid
n549	uˁrdégʲ	уIрдегʼ	duck	3	uˁrdéged
n550	findíqʼ	финдикь	hazelnut	3	findíqʼɨd
n551	χabár	хабар	piece_of_news	3	χabardid
n552	χadrá	хадра	bead	3	χadrɐ́jid
n553	χadrábɨr	хадрабыр	necklace	NO DATA	χadrɨjmɨd
n554	χajmá	хайма	mat	3	χajmijid
n555	χak	хак	stake	3	χakɨ́ldɨ
n556	χal	хал	house	4	χáldɨ
n557	χalíče	халиче	carpet	3	χaličijid
n558	χar	хар	hail	3	χarád
n559	χarápʼ	харапI	ruin	4	χarápʼad
n560	χat	хатI	writing	4	χattid
n561	χač	хач	cross	4	χačidɨ
n562	χaʔíš	хаъиш	request	4	χaʔišed
n563	χaˁbáqaˁn	хаIбаIхъан	shepherd	1	χaˁbáqaˁned
n564	χadáˁχul	хаIдаIхул	whey	3	χadáˁχuled
n565	χáˁdej	хаIдей	star	3	χáˁdejed
n566	χaˁl	хаIл	sky	4	χáˁldɨ
n567	χaˁlewáz	хаIлеваз	rainbow	4	χaˁlewazad
n568	χaˁn	хаIн	fermented_drink	4	χaˁnad
n569	χaˁrád	хаIрад	butter	4	χaˤradad
n570	χʷakʼ	хвакI	grain_gutter	4	χʷákʼad
n571	χʷar	хвар	mare	3	χʷarad
n572	χed	хед	cherry_plum	3	χídirdɨ
n573	χezékʲ	хезекʼ	sledge	4	χezeked
n574	χizán	хизан	family	3	χizandid
n575	χik	хик	walnut	3	χikɨ́rdɨ
n576	χin	хин	shady_slope	3	χínad
n577	χindándaj	хиндандай	widow	2	χindándajed
n578	χinkʼál	хинкIал	khinkal	4	χinkʼalad
n579	χud	худ	fist	3	χudad
n580	χudúl	худул	lung	3	χudlád
n581	χuj	хуй	field_for_cultivation	4	χujid
n582	χuk	хук	tree	3	χukád
n583	χulúk	хулук	sleeve	4	χulkúd
n584	χumúχd	хумухд	autumn	4	χumúχdid
n585	χuˁr	хуIр	flour	3	χuˁrud
n586	qabán	хъабан	boar	3	qabánad
n587	qadár	хъадар	norm	3	qadárad
n588	qanát	хъанат	wing	4	qanátad
n589	qapáʁ	хъапагъ	cauldron_lid	4	qapáʁad
n590	qarpɨ́z	хъарпыз	watermelon	3	qarpɨ́zad
n591	qaˁd	хъаIд	crow	3	qáˁdirdɨ
n592	qaˁráˁqaˁl	хъаIраIхъаIл	magpie	3	qaˁráˁqaˁled
n593	qʷaˁnčʼ	хъваIнчI	donkey_foal	3	qʷáˁnčʼed
n594	quˁšim	хъуIшим	gang	3	qušímad
n595	qɨlɨ́ncʼ	хъылынцI	hedgehog	3	qɨlɨ́ncʼad
n596	qɨˁmčʼí	хъыIмчIи	rennet	4	qɨˁmčʼíjid
n597	qɨˁmɨ́tʼ	хъыIмытI	snivel	3	NO DATA
n598	χɨd	хыд	lime_tree	3	χɨdɨ́rdɨ
n599	χɨdí	хыди	cousin	1	χɨdíd
n600	χɨdɨ́l	хыдыл	grandchild	1	χɨdɨ́lad
n601	χɨl	хыл	arm	4	χɨlíd
n602	χɨládi	хылади	roof	4	χɨladid
n603	χɨlíjdɨ	хылийды	mitten	4	χɨlíjdid
n604	χɨnɨ́χ	хыных	child	1	χɨnχɨ́d
n605	χɨˁw	хыIв	udder	4	χɨˁwɨd
n606	χɨˁwáʔad	хыIваъад	yoke	4	NO DATA
n607	χɨˁl	хыIл	particle	4	χɨˁlɨjid
n608	χɨˁn	хыIн	faeces	4	χɨˁníd
n609	χɨˁr	хыIр	pear	3	χɨˁrɐ́jid
n610	xad	хьад	spring	4	xɨ́jid
n611	xaǯálat	хьаджалат	misfortune	4	xaǯalatad
n612	xal	хьал	footprint	3	xaléd
n613	xanx	хьанхь	gums	4	xanxmɨd
n614	xar	хьар	clay_stove_for_bread	3	xárad
n615	xač	хьач	blackberry	4	xačáldɨ
n616	xeb	хьеб	claw	3	xebɨ́rdɨ ~ xebɨ́ldɨ
n617	xed	хьед	water	4	xíjid
n618	xésɨm	хьесым	face	4	xésɨmad
n619	xexʲ	хьехьʼ	nose	3	xexíd
n620	xid	хьид	cow_dung	4	xidid
n621	xul	хьул	mildew	4	xulajid
n622	xum	хьум	smoke	4	xumád
n623	xur	хьур	raspberry	4	xurɐ́jid
n624	xɨw ~ xow ~ xuw	хьыв ~ хов ~ хув	bread	4	xɨwád
n625	xɨdɨ́ldɨ	хьыдылды	woman	2	xɨdɨnowdɨ
n626	xɨlán	хьылан	pitchfork	4	xɨlɨ́ndid
n627	xɨlí	хьыли	armful	4	xɨlijed
n628	xɨrɨ́s	хьырыс	broom	3	xɨrɨsid
n629	xɨt	хьыт	cartilage	4	xɨtɐjid
n630	xɨtʼ	хьытI	barley	3	xɨ́tʼad
n631	c’aj	цIай	fire	4	cʼíd
n632	c’ak’árak’	цIакIаракI	lizard1	3/4	c’ak’árak’ad
n633	c’ac’	цIацI	chukhta	3	c’ac’ɨ́ldɨ
n634	c’ihʲ	цIигь	she_goat	3	cʼihíd
n635	c’ik’ʲ	цIикIʼ	dog_puppy	3	cʼikʼíd
n636	c’ik’ʷ	цIикIʼв	skein	3	c’ik’ud
n637	c’ɨc’	цIыцI	grasshopper	4	cʼɨcʼɨ́rdɨ
n638	čaná	чана	jaw	4	čanájed
n639	čangál	чангал	fork	4	čangálad
n640	čapár	чапар	fence	4	čapárad
n642	čarχ	чарх	whetstone	4	čarχɨd
n643	čaχmáχ	чахмах	flint	4	čaχmaχad
n644	čaχɨ́r	чахыр	wine	4	čaχɨ́rad
n645	čejláʁ	чейлагъ	river_bank	4	čejlaʁad
n646	čemrá	чемра	fog	2/1	čemrɨ́jd
n647	čij	чий	dew	3/1	číjed
n648	čikmá	чикма	boot	3/1	čakmɨ́jid
n649	čul	чул	desert	4	čúldɨ
n650	čümčé	чуьмче	ladle	3	čümčijid
n651	čɨxár	чыхьар	mane	4	čɨxrad
n652	č’abál	чIабал	sheep	3	č’abɐ́led ~ čʼabled
n653	č’ank’	чIанкI	trap.n	4	č’ank’ad
n654	č’ar	чIар	hair	3	čʼarád
n655	č’aráq’aj	чIаракьай	shin	4	č’aráq’ajed
n656	č’at’	чIатI	little_span	NO DATA	NO DATA
n657	č’aˁɢɨn	чIаIкъын	step.n	4	NO DATA
n658	č’el	чIел	language	3	čʼíldɨ
n659	č’il	чIил	belt	3	čʼilɐ́jid
n660	č’inák’	чIинакI	scythe	3	čʼinkʼɨ́d
n661	č’ir	чIир	ground	4	čʼirɨ́d
n662	č’ub	чIуб	great_span	3	č’ubúd
n663	č’ul	чIул	willow	3	čʼúlɨrdɨ
n664	šagár	шагар	sugar	4	šagrád
n665	šahád	шагьад	witness	1	šahádad
n666	šalá	шала	burden1	3	šalɨ́jed
n667	šamdam	шамдам	candle	4	NO DATA
n668	šámkal	шамкал	spider	3	šámkaled
n669	šarák	шарак	chick	3	šarkád
n670	šʷet	швет	gadfly	3	šʷetírdɨ
n671	šéher	шегьер	city	3	šehérdid
n672	šésaj	шесай	young_heifer	3	šésajed
n673	šibílʲ	шибилʼ	gravel	4	NO DATA
n674	šídɨqʼ	шидыкь	mint	4	šidɨqʼad
n675	šíkɨl	шикыл	picture	3	šikɨlad
n676	šin	шин	sweat	4	NO DATA
n677	šint	шинт	bedbug	3	šintád
n678	šu	шу	brother	1	šud
n679	šurúk	шурук	bird	3	šurkúd
n680	ɨˁbrá	ыIбра	measuring_container	4	ɨˁbríjed